-- Seed the 26-27 season with dummy data (16-team league, all fixtures UPCOMING).
-- Generated by scripts/gen-seed-2627 — run in the Supabase SQL editor (bypasses RLS).
-- Idempotent: clears any existing 2627 rows first, then re-inserts. Safe to re-run.
-- NOTE: today is pre-season, so every fixture is in the future => shows as 'upcoming'.
--       No scores/player_stats/MOTM are seeded (those belong to played games).

begin;

-- 1) Clear existing 2627 rows (dependents first).
delete from motm_votes   where game_id in (select id from games where season_slug = '2627');
delete from player_stats where game_id in (select id from games where season_slug = '2627');
delete from attendance   where game_id in (select id from games where season_slug = '2627');
delete from guest_players where game_id in (select id from games where season_slug = '2627');
delete from games          where season_slug = '2627';
delete from opponent_strength where season_slug = '2627';

-- 2) League table (15 opponents; 16 teams incl. Caracrew).
insert into opponent_strength (season_slug, team_id, name, current_position, current_ptn_per_match, history, strength_score) values
  ('2627', '2457', 'Hattrick', 1, 2.60, '[{"season":"2025-2026","reeks":"5e Klasse Mechelen","position":1,"wins":21,"draws":3,"losses":0,"goals_for":174,"goals_against":96}]'::jsonb, 84.10),
  ('2627', '2217', 'Los Dollos', 2, 2.40, '[{"season":"2025-2026","reeks":"5e Klasse Mechelen","position":2,"wins":19,"draws":3,"losses":0,"goals_for":161,"goals_against":109}]'::jsonb, 71.30),
  ('2627', '439', 'FC Tzit Ni Mee', 3, 2.10, '[{"season":"2025-2026","reeks":"5e Klasse Mechelen","position":3,"wins":17,"draws":3,"losses":2,"goals_for":149,"goals_against":121}]'::jsonb, 58.90),
  ('2627', '437', 'FC De Planeet', 4, 2.00, '[{"season":"2025-2026","reeks":"5e Klasse Mechelen","position":4,"wins":16,"draws":3,"losses":3,"goals_for":144,"goals_against":126}]'::jsonb, 54.20),
  ('2627', '2216', 'Futsal Opsinjoor', 5, 1.90, '[{"season":"2025-2026","reeks":"5e Klasse Mechelen","position":5,"wins":15,"draws":3,"losses":4,"goals_for":142,"goals_against":128}]'::jsonb, 51.70),
  ('2627', '884', 'ZVC Tigers', 6, 1.70, '[{"season":"2025-2026","reeks":"5e Klasse Mechelen","position":6,"wins":14,"draws":3,"losses":5,"goals_for":137,"goals_against":133}]'::jsonb, 47.00),
  ('2627', '997', 'FC Tripel', 7, 1.60, '[{"season":"2025-2026","reeks":"5e Klasse Mechelen","position":7,"wins":13,"draws":3,"losses":6,"goals_for":134,"goals_against":136}]'::jsonb, 43.80),
  ('2627', '9001', 'ZVC De Mechelaars', 8, 1.40, '[{"season":"2025-2026","reeks":"5e Klasse Mechelen","position":8,"wins":11,"draws":3,"losses":8,"goals_for":130,"goals_against":140}]'::jsonb, 39.50),
  ('2627', '1319', 'Wille ma ni kunne', 9, 1.20, '[{"season":"2025-2026","reeks":"5e Klasse Mechelen","position":9,"wins":10,"draws":3,"losses":9,"goals_for":123,"goals_against":147}]'::jsonb, 33.10),
  ('2627', '9002', 'FC Den Dorst', 10, 1.10, '[{"season":"2025-2026","reeks":"5e Klasse Mechelen","position":10,"wins":9,"draws":3,"losses":10,"goals_for":120,"goals_against":150}]'::jsonb, 29.70),
  ('2627', '1784', 'VV Schemerboyz', 11, 0.90, '[{"season":"2025-2026","reeks":"5e Klasse Mechelen","position":11,"wins":7,"draws":3,"losses":12,"goals_for":115,"goals_against":155}]'::jsonb, 24.60),
  ('2627', '9003', 'Futsal Katelijne', 12, 0.80, '[{"season":"2025-2026","reeks":"5e Klasse Mechelen","position":12,"wins":6,"draws":3,"losses":13,"goals_for":111,"goals_against":159}]'::jsonb, 21.00),
  ('2627', '1785', '04United', 13, 0.60, '[{"season":"2025-2026","reeks":"5e Klasse Mechelen","position":13,"wins":5,"draws":3,"losses":14,"goals_for":105,"goals_against":165}]'::jsonb, 15.40),
  ('2627', '9004', 'De Zaalduivels', 14, 0.50, '[{"season":"2025-2026","reeks":"5e Klasse Mechelen","position":14,"wins":4,"draws":3,"losses":15,"goals_for":102,"goals_against":168}]'::jsonb, 12.20),
  ('2627', '2226', 'De Karpervissers', 15, 0.40, '[{"season":"2025-2026","reeks":"5e Klasse Mechelen","position":15,"wins":3,"draws":3,"losses":16,"goals_for":98,"goals_against":172}]'::jsonb, 8.30);

-- 3) Fixtures: 30-game double round-robin, 2026-09-10 .. 2027-05-06.
insert into games (id, season_slug, opponent, game_date, game_time, location, title) values
  ('2627-2026-09-10-2100-hattrick', '2627', 'Hattrick', '2026-09-10', '21:00:00', 'De Nekker Mechelen', 'K Caracrew SK vs Hattrick'),
  ('2627-2026-09-17-2100-los-dollos', '2627', 'Los Dollos', '2026-09-17', '21:00:00', 'De Nekker Mechelen', 'K Caracrew SK vs Los Dollos'),
  ('2627-2026-09-24-2100-fc-tzit-ni-mee', '2627', 'FC Tzit Ni Mee', '2026-09-24', '21:00:00', 'De Nekker Mechelen', 'K Caracrew SK vs FC Tzit Ni Mee'),
  ('2627-2026-10-01-2100-fc-de-planeet', '2627', 'FC De Planeet', '2026-10-01', '21:00:00', 'De Nekker Mechelen', 'K Caracrew SK vs FC De Planeet'),
  ('2627-2026-10-08-2100-futsal-opsinjoor', '2627', 'Futsal Opsinjoor', '2026-10-08', '21:00:00', 'De Nekker Mechelen', 'K Caracrew SK vs Futsal Opsinjoor'),
  ('2627-2026-10-15-2100-zvc-tigers', '2627', 'ZVC Tigers', '2026-10-15', '21:00:00', 'De Nekker Mechelen', 'K Caracrew SK vs ZVC Tigers'),
  ('2627-2026-10-22-2100-fc-tripel', '2627', 'FC Tripel', '2026-10-22', '21:00:00', 'De Nekker Mechelen', 'K Caracrew SK vs FC Tripel'),
  ('2627-2026-10-29-2100-zvc-de-mechelaars', '2627', 'ZVC De Mechelaars', '2026-10-29', '21:00:00', 'De Nekker Mechelen', 'K Caracrew SK vs ZVC De Mechelaars'),
  ('2627-2026-11-05-2100-wille-ma-ni-kunne', '2627', 'Wille ma ni kunne', '2026-11-05', '21:00:00', 'De Nekker Mechelen', 'K Caracrew SK vs Wille ma ni kunne'),
  ('2627-2026-11-12-2100-fc-den-dorst', '2627', 'FC Den Dorst', '2026-11-12', '21:00:00', 'De Nekker Mechelen', 'K Caracrew SK vs FC Den Dorst'),
  ('2627-2026-11-19-2100-vv-schemerboyz', '2627', 'VV Schemerboyz', '2026-11-19', '21:00:00', 'De Nekker Mechelen', 'K Caracrew SK vs VV Schemerboyz'),
  ('2627-2026-11-26-2100-futsal-katelijne', '2627', 'Futsal Katelijne', '2026-11-26', '21:00:00', 'De Nekker Mechelen', 'K Caracrew SK vs Futsal Katelijne'),
  ('2627-2026-12-03-2100-04united', '2627', '04United', '2026-12-03', '21:00:00', 'De Nekker Mechelen', 'K Caracrew SK vs 04United'),
  ('2627-2026-12-10-2100-de-zaalduivels', '2627', 'De Zaalduivels', '2026-12-10', '21:00:00', 'De Nekker Mechelen', 'K Caracrew SK vs De Zaalduivels'),
  ('2627-2026-12-17-2100-de-karpervissers', '2627', 'De Karpervissers', '2026-12-17', '21:00:00', 'De Nekker Mechelen', 'K Caracrew SK vs De Karpervissers'),
  ('2627-2027-01-07-2200-de-karpervissers', '2627', 'De Karpervissers', '2027-01-07', '22:00:00', 'Sporthal Putte', 'De Karpervissers vs K Caracrew SK'),
  ('2627-2027-01-14-2200-de-zaalduivels', '2627', 'De Zaalduivels', '2027-01-14', '22:00:00', 'Sporthal Duffel', 'De Zaalduivels vs K Caracrew SK'),
  ('2627-2027-01-21-2200-04united', '2627', '04United', '2027-01-21', '22:00:00', 'Sporthal Willebroek', '04United vs K Caracrew SK'),
  ('2627-2027-01-28-2200-futsal-katelijne', '2627', 'Futsal Katelijne', '2027-01-28', '22:00:00', 'Heiveld St-Katelijne-Waver', 'Futsal Katelijne vs K Caracrew SK'),
  ('2627-2027-02-04-2200-vv-schemerboyz', '2627', 'VV Schemerboyz', '2027-02-04', '22:00:00', 'Sporthal Bonheiden', 'VV Schemerboyz vs K Caracrew SK'),
  ('2627-2027-02-11-2200-fc-den-dorst', '2627', 'FC Den Dorst', '2027-02-11', '22:00:00', 'Sporthal Rijmenam', 'FC Den Dorst vs K Caracrew SK'),
  ('2627-2027-02-25-2200-wille-ma-ni-kunne', '2627', 'Wille ma ni kunne', '2027-02-25', '22:00:00', 'Sporthal Auwegem', 'Wille ma ni kunne vs K Caracrew SK'),
  ('2627-2027-03-04-2200-zvc-de-mechelaars', '2627', 'ZVC De Mechelaars', '2027-03-04', '22:00:00', 'Sporthal Nekkerspoel', 'ZVC De Mechelaars vs K Caracrew SK'),
  ('2627-2027-03-11-2200-fc-tripel', '2627', 'FC Tripel', '2027-03-11', '22:00:00', 'Sporthal Tervuursesteenweg', 'FC Tripel vs K Caracrew SK'),
  ('2627-2027-03-18-2200-zvc-tigers', '2627', 'ZVC Tigers', '2027-03-18', '22:00:00', 'Heiveld St-Katelijne-Waver', 'ZVC Tigers vs K Caracrew SK'),
  ('2627-2027-03-25-2200-futsal-opsinjoor', '2627', 'Futsal Opsinjoor', '2027-03-25', '22:00:00', 'De Nekker Mechelen', 'Futsal Opsinjoor vs K Caracrew SK'),
  ('2627-2027-04-15-2200-fc-de-planeet', '2627', 'FC De Planeet', '2027-04-15', '22:00:00', 'Sporthal Caputsteen', 'FC De Planeet vs K Caracrew SK'),
  ('2627-2027-04-22-2200-fc-tzit-ni-mee', '2627', 'FC Tzit Ni Mee', '2027-04-22', '22:00:00', 'Sporthal Battel', 'FC Tzit Ni Mee vs K Caracrew SK'),
  ('2627-2027-04-29-2200-los-dollos', '2627', 'Los Dollos', '2027-04-29', '22:00:00', 'De Nekker Mechelen', 'Los Dollos vs K Caracrew SK'),
  ('2627-2027-05-06-2200-hattrick', '2627', 'Hattrick', '2027-05-06', '22:00:00', 'Sporthal Geerdegem', 'Hattrick vs K Caracrew SK');

-- 4) RSVPs for the first 6 fixtures (attendance surface for upcoming games).
insert into attendance (game_id, player_id, status, updated_at) values
  ('2627-2026-09-10-2100-hattrick', '9', 'playing', '2026-07-01T12:00:00Z'),
  ('2627-2026-09-10-2100-hattrick', '3', 'playing', '2026-07-01T12:00:00Z'),
  ('2627-2026-09-10-2100-hattrick', '20', 'playing', '2026-07-01T12:00:00Z'),
  ('2627-2026-09-10-2100-hattrick', '116', 'playing', '2026-07-01T12:00:00Z'),
  ('2627-2026-09-10-2100-hattrick', '10', 'playing', '2026-07-01T12:00:00Z'),
  ('2627-2026-09-10-2100-hattrick', '15', 'playing', '2026-07-01T12:00:00Z'),
  ('2627-2026-09-10-2100-hattrick', '7', 'playing', '2026-07-01T12:00:00Z'),
  ('2627-2026-09-10-2100-hattrick', '301', 'playing', '2026-07-01T12:00:00Z'),
  ('2627-2026-09-10-2100-hattrick', '62', 'playing', '2026-07-01T12:00:00Z'),
  ('2627-2026-09-10-2100-hattrick', '5', 'if_needed', '2026-07-01T12:00:00Z'),
  ('2627-2026-09-10-2100-hattrick', '6', 'playing', '2026-07-01T12:00:00Z'),
  ('2627-2026-09-17-2100-los-dollos', '9', 'if_needed', '2026-07-01T12:00:00Z'),
  ('2627-2026-09-17-2100-los-dollos', '13', 'playing', '2026-07-01T12:00:00Z'),
  ('2627-2026-09-17-2100-los-dollos', '3', 'playing', '2026-07-01T12:00:00Z'),
  ('2627-2026-09-17-2100-los-dollos', '20', 'if_needed', '2026-07-01T12:00:00Z'),
  ('2627-2026-09-17-2100-los-dollos', '116', 'playing', '2026-07-01T12:00:00Z'),
  ('2627-2026-09-17-2100-los-dollos', '10', 'playing', '2026-07-01T12:00:00Z'),
  ('2627-2026-09-17-2100-los-dollos', '15', 'playing', '2026-07-01T12:00:00Z'),
  ('2627-2026-09-17-2100-los-dollos', '7', 'playing', '2026-07-01T12:00:00Z'),
  ('2627-2026-09-17-2100-los-dollos', '301', 'cant', '2026-07-01T12:00:00Z'),
  ('2627-2026-09-17-2100-los-dollos', '62', 'playing', '2026-07-01T12:00:00Z'),
  ('2627-2026-09-17-2100-los-dollos', '5', 'playing', '2026-07-01T12:00:00Z'),
  ('2627-2026-09-24-2100-fc-tzit-ni-mee', '9', 'playing', '2026-07-01T12:00:00Z'),
  ('2627-2026-09-24-2100-fc-tzit-ni-mee', '13', 'cant', '2026-07-01T12:00:00Z'),
  ('2627-2026-09-24-2100-fc-tzit-ni-mee', '116', 'playing', '2026-07-01T12:00:00Z'),
  ('2627-2026-09-24-2100-fc-tzit-ni-mee', '10', 'playing', '2026-07-01T12:00:00Z'),
  ('2627-2026-09-24-2100-fc-tzit-ni-mee', '15', 'playing', '2026-07-01T12:00:00Z'),
  ('2627-2026-09-24-2100-fc-tzit-ni-mee', '301', 'playing', '2026-07-01T12:00:00Z'),
  ('2627-2026-09-24-2100-fc-tzit-ni-mee', '5', 'playing', '2026-07-01T12:00:00Z'),
  ('2627-2026-09-24-2100-fc-tzit-ni-mee', '6', 'cant', '2026-07-01T12:00:00Z'),
  ('2627-2026-10-01-2100-fc-de-planeet', '9', 'playing', '2026-07-01T12:00:00Z'),
  ('2627-2026-10-01-2100-fc-de-planeet', '13', 'playing', '2026-07-01T12:00:00Z'),
  ('2627-2026-10-01-2100-fc-de-planeet', '3', 'playing', '2026-07-01T12:00:00Z'),
  ('2627-2026-10-01-2100-fc-de-planeet', '20', 'playing', '2026-07-01T12:00:00Z'),
  ('2627-2026-10-01-2100-fc-de-planeet', '116', 'playing', '2026-07-01T12:00:00Z'),
  ('2627-2026-10-01-2100-fc-de-planeet', '10', 'cant', '2026-07-01T12:00:00Z'),
  ('2627-2026-10-01-2100-fc-de-planeet', '15', 'playing', '2026-07-01T12:00:00Z'),
  ('2627-2026-10-01-2100-fc-de-planeet', '301', 'playing', '2026-07-01T12:00:00Z'),
  ('2627-2026-10-01-2100-fc-de-planeet', '5', 'playing', '2026-07-01T12:00:00Z'),
  ('2627-2026-10-01-2100-fc-de-planeet', '6', 'playing', '2026-07-01T12:00:00Z'),
  ('2627-2026-10-08-2100-futsal-opsinjoor', '13', 'playing', '2026-07-01T12:00:00Z'),
  ('2627-2026-10-08-2100-futsal-opsinjoor', '20', 'playing', '2026-07-01T12:00:00Z'),
  ('2627-2026-10-08-2100-futsal-opsinjoor', '10', 'playing', '2026-07-01T12:00:00Z'),
  ('2627-2026-10-08-2100-futsal-opsinjoor', '15', 'playing', '2026-07-01T12:00:00Z'),
  ('2627-2026-10-08-2100-futsal-opsinjoor', '7', 'playing', '2026-07-01T12:00:00Z'),
  ('2627-2026-10-08-2100-futsal-opsinjoor', '301', 'playing', '2026-07-01T12:00:00Z'),
  ('2627-2026-10-08-2100-futsal-opsinjoor', '62', 'cant', '2026-07-01T12:00:00Z'),
  ('2627-2026-10-08-2100-futsal-opsinjoor', '5', 'playing', '2026-07-01T12:00:00Z'),
  ('2627-2026-10-08-2100-futsal-opsinjoor', '6', 'playing', '2026-07-01T12:00:00Z'),
  ('2627-2026-10-15-2100-zvc-tigers', '9', 'playing', '2026-07-01T12:00:00Z'),
  ('2627-2026-10-15-2100-zvc-tigers', '13', 'playing', '2026-07-01T12:00:00Z'),
  ('2627-2026-10-15-2100-zvc-tigers', '3', 'playing', '2026-07-01T12:00:00Z'),
  ('2627-2026-10-15-2100-zvc-tigers', '20', 'playing', '2026-07-01T12:00:00Z'),
  ('2627-2026-10-15-2100-zvc-tigers', '10', 'playing', '2026-07-01T12:00:00Z'),
  ('2627-2026-10-15-2100-zvc-tigers', '15', 'playing', '2026-07-01T12:00:00Z'),
  ('2627-2026-10-15-2100-zvc-tigers', '7', 'playing', '2026-07-01T12:00:00Z'),
  ('2627-2026-10-15-2100-zvc-tigers', '301', 'playing', '2026-07-01T12:00:00Z'),
  ('2627-2026-10-15-2100-zvc-tigers', '62', 'cant', '2026-07-01T12:00:00Z'),
  ('2627-2026-10-15-2100-zvc-tigers', '5', 'playing', '2026-07-01T12:00:00Z'),
  ('2627-2026-10-15-2100-zvc-tigers', '6', 'playing', '2026-07-01T12:00:00Z');

-- 5) A few ad-hoc guests on the opening fixtures.
insert into guest_players (id, game_id, source_player_id, name, status, goals, assists) values
  ('guest-2627-1', '2627-2026-09-10-2100-hattrick', null, 'Tom De Gast', 'playing', 0, 0),
  ('guest-2627-2', '2627-2026-09-10-2100-hattrick', null, 'Wout Pauwels', 'if_needed', 0, 0),
  ('guest-2627-3', '2627-2026-09-17-2100-los-dollos', null, 'Nils Verhaegen', 'playing', 0, 0);

commit;
